"firstName;lastName;office;password;department"
"Oscar;Francois;Lille;operations;Financial-Consultant"
"Sophie;Garcia;Lille;operations;Sales"
"Victor;Bertrand;Lille;operations;Sales"
"Lana;Andre;Lille;operations;Sales"
"Faith;Martinez;Lille;operations;Sales"
"Gary;Richard;Lille;operations;Sales"
"Faith;Garcia;Lille;operations;Sales"
"Nina;David;Lille;operations;Sales"
"Martin;Lambert;Lille;operations;Sales"
"Julia;Leroy;Lille;operations;Sales"
"Kevin;Moreau;Lille;operations;Financial-Consultant"
"Gary;Bernard;Lille;operations;Financial-Consultant"
"Evan;Dupont;Lille;operations;Sales"
"Julia;Dubois;Lille;operations;Financial-Consultant"
"Jodie;Bertrand;Lille;operations;Sales"
"Kevin;Bonnet;Lille;operations;Financial-Consultant"
"Lana;Bonnet;Lille;operations;Financial-Consultant"
"Tina;Arnaud;Lille;operations;Sales"
"Kevin;Brun;Lille;operations;Sales"
"Owen;Leroy;Lille;operations;Financial-Consultant"
"Simon;Lefevre;Lille;operations;Financial-Consultant"
"Sophie;Martin;Lille;operations;Financial-Consultant"
"Trent;Arnaud;Lille;operations;Sales"
"George;David;Lille;operations;Financial-Consultant"
"Pia;David;Lille;operations;Financial-Consultant"
"Fiona;Lambert;Lille;operations;Sales"
"Evan;Brun;Lille;operations;Financial-Consultant"
"Laura;Moreau;Lille;operations;Sales"
"Karl;Dupont;Lille;operations;Sales"
"Nina;Gauthier;Lille;operations;Financial-Consultant"
"Bob;Girard;Lille;operations;Financial-Consultant"
"Emma;Moreau;Lille;operations;Sales"
"Paula;Dupont;Lille;operations;Sales"
"Kevin;Bernard;Lille;operations;Financial-Consultant"
"Simon;Michel;Lille;operations;Financial-Consultant"
"Hannah;Girard;Lille;operations;Financial-Consultant"
"Bob;David;Lille;operations;Sales"
"Kevin;Dupont;Lille;operations;Sales"
"William;Barbier;Lille;operations;Sales"
"Ian;Bonnet;Lille;operations;Financial-Consultant"
"Martin;Roux;Lille;operations;Financial-Consultant"
"Nora;Leroy;Lille;operations;Financial-Consultant"
"George;Lefevre;Lille;operations;Sales"
"Hannah;Bonnet;Lille;operations;Financial-Consultant"
"Alice;Simon;Lille;operations;Financial-Consultant"
"Alice;Gauthier;Lille;operations;Sales"
"Ian;Andre;Lille;operations;Sales"
"Lana;Girard;Lille;operations;Financial-Consultant"
"William;Andre;Lille;operations;Financial-Consultant"
"Martin;Andre;Lille;operations;Sales"
"Ugo;Martinez;Lille;operations;Sales"
"Ian;Petit;Lille;operations;Financial-Consultant"
"Xenia;Durand;Lille;operations;Sales"
"Rudy;Lambert;Lille;operations;Financial-Consultant"
"Yasmin;Arnaud;Lille;operations;Financial-Consultant"
"Laura;Moreau;Lille;operations;Financial-Consultant"
"Emma;Lambert;Lille;operations;Sales"
"Emma;Martinez;Lille;operations;Financial-Consultant"
"Zoe;Gauthier;Lille;operations;Sales"
"Jodie;Bonnet;Lille;operations;Financial-Consultant"
"Evan;Girard;Lille;operations;Financial-Consultant"
"Quentin;Fournier;Lille;operations;Financial-Consultant"
"Zoe;Leroy;Lille;operations;Financial-Consultant"
"Cody;Fournier;Lille;operations;Sales"
"Diana;Dubois;Lille;operations;Sales"
"Hannah;Brun;Lille;operations;Sales"
"Martin;Laurent;Lille;operations;Sales"
"Milo;Robert;Lille;operations;Financial-Consultant"
"Tina;Robert;Lille;operations;Financial-Consultant"
"Julia;Dubois;Lille;operations;Financial-Consultant"
"Paula;Roux;Lille;operations;Sales"
"Sophie;Andre;Lille;operations;Sales"
"Bob;Dubois;Lille;operations;Financial-Consultant"
"Yasmin;Richard;Lille;operations;Sales"
"Karl;Richard;Lille;operations;Financial-Consultant"
"Helen;Morel;Lille;operations;Financial-Consultant"
"Milo;Simon;Lille;operations;Sales"
"Uma;Martin;Lille;operations;Sales"
"Uma;Bertrand;Lille;operations;Sales"
"Trent;Girard;Lille;operations;Financial-Consultant"
"Charlie;Laurent;Lille;operations;Financial-Consultant"
"Ugo;Michel;Lille;operations;Financial-Consultant"
"Diana;Morel;Lille;operations;Sales"
"Zoe;Roux;Lille;operations;Sales"
"Kevin;Fournier;Lille;operations;Sales"
"Wendy;Vincent;Lille;operations;Sales"
"Tina;Arnaud;Lille;operations;Sales"
"Uma;Francois;Lille;operations;Financial-Consultant"
"Julia;Gauthier;Lille;operations;Sales"
"Gary;Dupont;Lille;operations;Sales"
"Oscar;Garcia;Lille;operations;Financial-Consultant"
"Evan;Richard;Lille;operations;Financial-Consultant"
"Xenia;Barbier;Lille;operations;Financial-Consultant"
"Paula;Morel;Lille;operations;Sales"
"Rachel;Bertrand;Lille;operations;Sales"
"Rachel;Moreau;Lille;operations;Financial-Consultant"
"Evan;Moreau;Lille;operations;Financial-Consultant"
"Cody;Barbier;Lille;operations;Financial-Consultant"
"Faith;Barbier;Lille;operations;Sales"
"Gary;Thomas;Annecy;operations;Sales"
"Simon;Roux;Annecy;operations;Sales"
"Nora;Richard;Annecy;operations;Sales"
"Xander;Dubois;Annecy;operations;Sales"
"Wendy;Robert;Annecy;operations;Sales"
"William;Thomas;Annecy;operations;Sales"
"David;Garcia;Annecy;operations;Financial-Consultant"
"Karl;Girard;Annecy;operations;Sales"
"Zack;Arnaud;Annecy;operations;Financial-Consultant"
"Zoe;Dupuis;Annecy;operations;Financial-Consultant"
"Cody;Bonnet;Annecy;operations;Sales"
"Wendy;Garcia;Annecy;operations;Financial-Consultant"
"Martin;David;Annecy;operations;Sales"
"Fiona;Moreau;Annecy;operations;Financial-Consultant"
"Victor;Bernard;Annecy;operations;Sales"
"Paula;Robert;Annecy;operations;Sales"
"Emma;Gauthier;Annecy;operations;Financial-Consultant"
"Lana;Barbier;Annecy;operations;Financial-Consultant"
"Tina;Martin;Annecy;operations;Financial-Consultant"
"Jodie;Lefebvre;Annecy;operations;Sales"
"George;Brun;Annecy;operations;Financial-Consultant"
"Hannah;Richard;Annecy;operations;Financial-Consultant"
"Simon;David;Annecy;operations;Financial-Consultant"
"Paula;Simon;Annecy;operations;Financial-Consultant"
"Jodie;Mercier;Annecy;operations;Financial-Consultant"
"Oscar;Michel;Annecy;operations;Sales"
"Fiona;Leroy;Annecy;operations;Sales"
"Fiona;Simon;Annecy;operations;Financial-Consultant"
"Alan;Richard;Annecy;operations;Financial-Consultant"
"Jodie;Morel;Annecy;operations;Financial-Consultant"
"Nina;Lefevre;Annecy;operations;Sales"
"Fiona;Andre;Annecy;operations;Sales"
"Cody;Martinez;Annecy;operations;Sales"
"Zoe;Morel;Annecy;operations;Sales"
"Milo;Dubois;Annecy;operations;Financial-Consultant"
"Rudy;Robert;Annecy;operations;Sales"
"Rudy;Morel;Annecy;operations;Sales"
"William;Barbier;Annecy;operations;Financial-Consultant"
"Ugo;Laurent;Annecy;operations;Financial-Consultant"
"Fiona;Arnaud;Annecy;operations;Financial-Consultant"
"Sophie;Dupuis;Annecy;operations;Sales"
"Martin;Richard;Annecy;operations;Sales"
"Isac;Laurent;Annecy;operations;Sales"
"George;Petit;Annecy;operations;Sales"
"Ian;Mercier;Annecy;operations;Sales"
"Laura;Laurent;Annecy;operations;Sales"
"Julia;Thomas;Annecy;operations;Sales"
"William;Dubois;Annecy;operations;Sales"
"Alice;Durand;Annecy;operations;Financial-Consultant"
"Rachel;Garcia;Annecy;operations;Sales"
"Lana;Arnaud;Annecy;operations;Financial-Consultant"
"Ugo;Gauthier;Annecy;operations;Financial-Consultant"
"Yann;Dupont;Dax;operations;Financial-Consultant"
"Evan;Arnaud;Dax;operations;Financial-Consultant"
"Hannah;Bonnet;Dax;operations;Sales"
"Bob;Thomas;Dax;operations;Sales"
"Yasmin;Thomas;Dax;operations;Sales"
"Ugo;Simon;Dax;operations;Sales"
"Charlie;Arnaud;Dax;operations;Sales"
"Charlie;Francois;Dax;operations;Financial-Consultant"
"Tina;Vincent;Dax;operations;Financial-Consultant"
"Wendy;Fournier;Dax;operations;Sales"
"Milo;Laurent;Dax;operations;Sales"
"Pia;Gauthier;Dax;operations;Sales"
"Oscar;Barbier;Dax;operations;Financial-Consultant"
"Owen;David;Dax;operations;Sales"
"Alice;Laurent;Dax;operations;Financial-Consultant"
"Fiona;Michel;Dax;operations;Sales"
"Nora;Andre;Dax;operations;Financial-Consultant"
"Rudy;Vincent;Dax;operations;Financial-Consultant"
"Alan;Garcia;Dax;operations;Financial-Consultant"
"Quentin;Roux;Dax;operations;Financial-Consultant"
"Nina;Bernard;Dax;operations;Sales"
"Rudy;Martinez;Dax;operations;Sales"
"Julia;Michel;Dax;operations;Financial-Consultant"
"Emma;Bertrand;Dax;operations;Sales"
"Cody;Brun;Dax;operations;Financial-Consultant"
"Jodie;Laurent;Dax;operations;Sales"
"Julia;Lefebvre;Dax;operations;Financial-Consultant"
"Nina;Simon;Dax;operations;Sales"
"Laura;Martinez;Dax;operations;Sales"
"Charlie;Roux;Dax;operations;Sales"
"Julia;Robert;Dax;operations;Financial-Consultant"
"Karl;Leroy;Dax;operations;Sales"
"Paula;Michel;Dax;operations;Sales"
"Faith;Thomas;Dax;operations;Sales"
"Xenia;Laurent;Brest;operations;Financial-Consultant"
"Diana;Leroy;Brest;operations;Sales"
"William;Andre;Brest;operations;Sales"
"Yasmin;Lambert;Brest;operations;Financial-Consultant"
"Pia;Thomas;Brest;operations;Financial-Consultant"
"Ian;David;Brest;operations;Financial-Consultant"
"Tina;Petit;Brest;operations;Sales"
"Xander;Barbier;Brest;operations;Sales"
"Evan;Dupont;Brest;operations;Financial-Consultant"
"Nina;Morel;Brest;operations;Financial-Consultant"
